alt_id,main_spot_id,main_spot_name,alternative_spot_name,alternative_type,latitude,longitude,distance_km_from_main,travel_time_mins,crowd_comparison_percentage,why_visit_key_attraction,best_time_to_visit,road_connectivity_status,data_source
ALT001,TS001,Kedarnath Temple,Madhyamaheshwar Temple (Second Kedar),Pristine High-Altitude Alpine Shrine & Trek,30.638,79.2198,42.0,360,5% of Kedarnath volume,"Serene spiritual atmosphere, untouched Bugyal (alpine meadow) views of Chaukhamba peaks, zero queue time","May - June, September - October",Motorable road till Ransi village + 16 km scenic mountain trek path,Uttarakhand Forest Dept & UTDB Panch Kedar Circuit
ALT002,TS001,Kedarnath Temple,Triyuginarayan Temple,Ancient Mythological Himalayan Stone Temple,30.5983,78.9839,25.0,90,12% of Kedarnath volume,Site of divine Shiva-Parvati wedding with perpetual sacred flame (Akhand Dhuni); peaceful darshan without long queues,"April - June, September - November",All-weather motorable road connected from Sonprayag,Rudraprayag District Tourism Office
ALT003,TS002,Badrinath Temple,Bhavishya Badri & Subhain Village,Ancient Forest Shrine (Panch Badri Circuit),30.5367,79.6102,38.0,150,4% of Badrinath volume,Surrounded by dense deodar and cedar forests near Tapovan with tranquil meditative energy and natural hot springs,"May - June, September - October",Motorable till Saldhar on Joshimath-Malari highway + 3 km easy forest trek,UTDB Panch Badri Guidebook & Chamoli District Administration
ALT004,TS002,Badrinath Temple,"Mana Village, Vyas Gufa & Vasudhara Falls",Cultural Heritage Border Village & Himalayan Waterfall,30.7712,79.4958,4.5,25,30% of main temple queue time,"First Indian Village on Indo-Tibetan border, mythical Saraswati River origin at Bhim Pul, magnificent 400ft Vasudhara cascade",May - October (daylight hours),Paved NH-07 extension to Mana + 5 km stone-paved trek to Vasudhara,UTDB Heritage Cell & Border Roads Organisation (BRO)
ALT005,TS003,Kashi Vishwanath Temple & Dashashwamedh Ghat,"Markandey Mahadev Dham, Kaithi",Ancient River Confluence Jyotirlinga Equivalent,25.4851,83.1812,28.0,55,10% of Kashi Vishwanath footfall,Sacred confluence of Ganga and Gomti rivers; peaceful Vedic darshan associated with Rishi Markandeya; riverfront boat rides,October - March (Early mornings),Excellent 4-lane NH-31 Varanasi-Ghazipur highway connectivity,Varanasi District Tourism Promotion Council (DTPC)
ALT006,TS003,Kashi Vishwanath Temple & Dashashwamedh Ghat,Chunar Fort & Ganga Cliff Viewpoint,Historic Riverfront Citadel & Sunset Vantage,25.1232,82.8752,35.0,65,8% of Dashashwamedh Ghat crowd,"500-year-old stone fort perched on rocky cliff overlooking the Ganges, Babur-Sher Shah Suri history, quiet sunsets",October - March (15:00 - 18:00),Motorable State Highway SH-74 from Varanasi via Mirzapur road,ASI Varanasi Sub-Circle & UP Tourism
ALT007,TS004,Shri Ram Janmabhoomi Mandir,Surajkund Heritage Sarovar & Sun Temple,Ancient Stepwell Sarovar & Sun Sanctuary,26.7725,82.1645,6.5,20,7% of Ram Janmabhoomi crowd,Ancient Vedic Kund built by Suryavanshi kings; beautifully restored ghats with light and sound water projection; peaceful meditation,October - March (Evening laser show 18:30),Paved city road with ample parking area,Ayodhya Development Authority (ADA) Heritage Project
ALT008,TS004,Shri Ram Janmabhoomi Mandir,Nandigram (Bharat Kund),Spiritual Heritage Lake & Bharat Temple,26.6542,82.1384,18.0,35,5% of main town footfall,Site where Lord Bharat ruled Ayodhya keeping Rama's Paduka for 14 years; tranquil holy tank shaded by ancient banyan trees,October - April (Morning hours),All-weather motorable road off Ayodhya-Prayagraj highway,UP Tourism Ayodhya Circuit Masterplan
ALT009,TS005,Shri Mata Vaishno Devi Shrine,Shiv Khori Cave Shrine,Natural Stalagmite Cave Sanctuary,33.1594,74.5244,68.0,130,15% of Vaishno Devi volume,150-meter long limestone cave with naturally formed 4-foot Shiva Lingam; thrilling underground spelunking feel without massive bottlenecks,September - April,Scenic motorable road from Katra to Ransoo base + 3 km trek,Shiv Khori Shrine Board (SKSB) & Reasi District Administration
ALT010,TS005,Shri Mata Vaishno Devi Shrine,Deva Mayi Mandir & Dera Baba Banda,Historic Riverfront Shrine & Sikh Heritage Gurdwara,32.9912,74.8872,14.0,30,6% of Katra track crowd,Second resting abode of Vaishno Devi before reaching Trikuta hills; historical 300-year-old gurdwara built by Baba Banda Singh Bahadur on Chenab bank,Year-round,Well-paved link road from Katra,J&K Tourism Development Corporation (JKTDC)
ALT011,TS006,Tirumala Venkateswara Temple,Vontimitta Kodandarama Swamy Temple,16th-Century Vijayanagara Masterpiece Temple,14.3934,79.0305,95.0,110,5% of Tirumala daily crowd,"Exquisite monolithic stone sculptures, tranquil temple tank, Andhra Pradesh's designated state Ram Navami venue with zero wait lines",October - March (Early mornings / Sunset),Four-lane National Highway NH-716 with smooth transit,TTD Sub-Temples Division & ASI Hyderabad Circle
ALT012,TS006,Tirumala Venkateswara Temple,Talakona Waterfall & Forest Sanctuary,Western Ghats Biosphere Reserve Waterfall,13.7997,79.2131,49.0,75,8% of Tirumala pilgrim influx,"Highest waterfall in Andhra Pradesh (270ft) with rich medicinal flora, serene canopy walk, and ancient Siddheswara Swamy forest temple",September - February,Paved forest highway motorable via Bakarapeta,Andhra Pradesh Forest Department & Eco-Tourism Cell
ALT013,TS007,Shree Jagannath Temple,Chaurasi Varahi Deula Temple,9th-Century Somavamsi Tantric Shrine,20.0275,86.1158,34.0,55,3% of Puri temple volume,"Intricately carved khakhara-style sandstone roof, unique Varahi icon holding fish and skull pot, serene rural Prachi valley setting",October - March,Paved rural road along Prachi River valley,ASI Bhubaneswar Circle & Odisha Tourism
ALT014,TS007,Shree Jagannath Temple,Mangalajodi Bird Haven (Chilika Lake),Wetland Eco-Tourism & Migratory Bird Sanctuary,19.9238,85.4219,65.0,85,10% of Puri tourist volume,"Over 1.5 million migratory waterfowl, silent pole-driven wooden boat safaris guided by reformed poachers turned conservationists",November - February (06:00 - 10:00),Smooth NH-16 highway connection from Puri/Bhubaneswar,Chilika Development Authority (CDA) & Odisha Ecotourism
ALT015,TS008,Mahakaleshwar Jyotirlinga Temple,"Matangeshwar Mahadev, Dharmarajeshwar Rock-Cut Temple",Monolithic Rock-Cut Cave Temple Complex,24.195,75.5894,125.0,140,2% of Mahakal footfall,Known as the Ellora of Malwa; 8th-century rock-cut temple carved downward from a single hill pit with 70 surrounding rock caves,October - March,4-lane state highway via Agar-Mandsaur corridor,Madhya Pradesh Tourism Board (MPTB) & ASI Bhopal
ALT016,TS008,Mahakaleshwar Jyotirlinga Temple,Siddhavat & Bhartrihari Caves,Ancient Banyan Riverfront & Yogi Meditation Caves,23.2144,75.7766,4.5,15,15% of main Jyotirlinga queue,"One of four sacred immortality banyan trees in Hinduism, peaceful Kshipra river steps, ancient caves where King Bhartrihari composed Vairagya Satakam",Morning hours year-round,Paved city road with local e-rickshaw connectivity,Ujjain Municipal Corporation Heritage Register
ALT017,TS009,Golden Temple (Sri Harmandir Sahib),Gurdwara Sri Tarn Taran Sahib,Historic 5th Guru Sarovar Sanctuary,31.4522,74.9255,24.0,40,18% of Golden Temple crowd,"Largest sacred Sarovar water tank in the world, founded by Guru Arjan Dev in 1590; peaceful spiritual bathing and langar with no rush",October - March (Early morning Amrit Vela),Four-lane National Highway NH-354 from Amritsar,SGPC Tarn Taran Division & Punjab Tourism
ALT018,TS009,Golden Temple (Sri Harmandir Sahib),Pul Kanjri Heritage War Memorial Site,Maharaja Ranjit Singh Historic Caravanserai,31.6427,74.6225,34.0,50,4% of city heritage crowds,"Historic resting stop of Maharaja Ranjit Singh near the border, exquisite frescoed baoli (stepwell), tranquil village countryside",October - March (Afternoon 14:00 - 17:30),Paved rural road near Attari-Wagah border belt,Punjab Heritage Tourism Promotion Board (PHTPB)
ALT019,TS010,Meenakshi Sundareswarar Temple,Tirupparankundram Murugan Rock Temple,6th-Century Pandya Cave Temple (Arupadaiveedu),9.8822,78.0711,8.5,25,22% of Meenakshi temple rush,"First among Lord Murugan's six abodes, monolithic rock-cut sanctum carved directly into granite hill; zero commercial noise","October - March (06:00 - 09:00, 16:30 - 19:00)",Direct city arterial road connected by bus and metro/cab,HR&CE Dept Tamil Nadu Madurai Division
ALT020,TS010,Meenakshi Sundareswarar Temple,Alagar Kovil & Pazhamudhircholai Forest Shrine,Alagar Hills Forest Temple & Solitary Springs,10.0768,78.2144,21.0,40,15% of Meenakshi volume,Magnificent Vishnu temple nestled in Alagar hills forest reserve with ancient medicinal Silambar river springs and peacocks,September - February,Smooth state highway with scenic uphill winding drive,Tamil Nadu Tourism (TTDC) & Forest Department
ALT021,TS011,Ramanathaswamy Temple,Dhanushkodi Ghost Town & Ram Setu Point,Pristine Land's End Lagoon & Coral Beach,9.1764,79.4184,19.5,35,25% of temple crowd during morning hours,"Dramatic confluence of Bay of Bengal and Indian Ocean, submerged 1964 cyclone church ruins, breathtaking untouched coastal sand dunes",October - March (06:30 - 11:00),National Highway NH-87 straight oceanic roadway to Arichal Munai,National Highways Authority of India (NHAI) & Ramanathapuram Police
ALT022,TS011,Ramanathaswamy Temple,Uthirakosamangai Emerald Nataraja Temple,3000-Year-Old Ancient Saivite Shrine,9.3177,78.7369,72.0,75,8% of Rameswaram temple rush,"Single 6-foot idol of Nataraja carved entirely from pure emerald jade (Maragatha Natarajar), deeply sacred and peaceful",October - March (Arudhra Darisanam festival),All-weather motorable state highway via Ramanathapuram town,HR&CE Department Tamil Nadu & District Heritage Cell
ALT023,TS012,Shree Somnath Jyotirlinga Temple,Madhavpur Ghed Coastal Beach & Krishna-Rukmini Temple,Pristine Coastal Beach & Mythological Shrine,21.2561,69.9602,72.0,75,12% of Somnath crowd,"Virgin Arabian sea coast with coconut plantations, historic 15th-century wedding temple of Krishna and Rukmini, tranquil sunsets",November - March,Scenic Coastal National Highway NH-51 along the Arabian Sea,Gujarat Tourism (TCGL) Coastal Circuit
ALT024,TS012,Shree Somnath Jyotirlinga Temple,Bhalka Tirth & Dehotsarg Teerth,Sacred Krishna Mahasamadhi Riverfront,20.8997,70.3688,4.0,10,20% of Somnath main queue time,"Sacred peepal tree where Lord Krishna ended his earthly pastimes; beautiful tranquil Triveni Sangam (Hiran, Kapila, Saraswati confluence)",Morning and sunset hours,Direct town road with easy auto-rickshaw access,Shree Somnath Trust & Veraval Municipality
ALT025,TS013,Shri Saibaba Sansthan Temple,Shani Shingnapur Open-Air Shrine,Unique Doorless Village & Swayambhu Shani Shrine,19.3983,74.8194,72.0,90,35% of Shirdi volume,Swayambhu black stone monolith of Lord Shani standing on an open platform; unique village where houses have no doors or locks,October - March (Saturdays see surge; weekdays peaceful),Well-maintained 4-lane state highway from Shirdi,Shri Shaneshwar Devasthan Trust & Ahmednagar Police
ALT026,TS013,Shri Saibaba Sansthan Temple,Khandoba Temple & Gurusthan Neem Tree,Original Historical Sai Baba Abodes,19.7681,74.4795,0.8,5,15% of Samadhi Mandir queue,Where priest Bhagat Mhalsapati first welcomed Sai Baba with 'Aao Sai'; quiet prayer atmosphere under sacred bitter neem leaves,"06:00 - 11:00, 16:00 - 20:00",Pedestrian heritage path / short walk from main complex,Shirdi Sansthan Heritage Documentation
ALT027,TS014,Sabarimala Sree Dharma Sastha Temple,Achankovil Sastha Temple,Ancient Western Ghats Forest Shrine,9.0833,77.1458,85.0,150,8% of Sabarimala volume,One of five major Sastha shrines consecrated by Sage Parashurama; deity depicted as Grihastha with consorts Poorna and Pushkala; no crowd rush,December - January (Mandala season),Scenic mountain ghat road through dense reserve forests,Travancore Devaswom Board & Kerala Forest Dept
ALT028,TS014,Sabarimala Sree Dharma Sastha Temple,Kulathupuzha Sastha Temple (Balasastha),Riverbank Child Sastha Sanctuary,8.9056,77.0611,98.0,160,6% of Sabarimala volume,Deity worshipped in childhood form (Bala Sastha); sacred Kallada river fish feeding ritual (Meenootu) offering peace and serenity,November - March,Motorable State Highway SH-8 with direct bus services,Travancore Devaswom Board Kulathupuzha Office
ALT029,TS015,Har Ki Pauri Ghat & Mansa Devi,Kankhal Daksheswar Mahadev Temple & Sati Kund,Ancient Vedic Mythological Temple & Canal Ghats,29.9248,78.1453,4.5,15,12% of Har Ki Pauri crowd,Historic site of King Daksha's yajna; serene tree-shaded Ganga bathing ghats with crystal clear water and no stampede risk,"06:00 - 10:00, 16:30 - 19:30",Direct town road accessible by electric auto-rickshaw and car,Mahanirvani Akhada & Haridwar District Heritage Portal
ALT030,TS015,Har Ki Pauri Ghat & Mansa Devi,Chandi Devi Trek & Neel Parvat Viewpoint,Scenic Hilltop Ridge Sanctuary,29.9482,78.1883,3.5,25,25% of Mansa Devi queue,Perched on Neel Parvat across the river; spectacular bird's-eye view of Haridwar city and the Ganges braided streams; peaceful hilltop air,Sunrise to 11:00 AM,Ropeway access or 3 km paved uphill nature trek path,Usha Breco Ropeways & UTDB
ALT031,TS016,Triveni Sangam & Kumbh Mela Grounds,Sringverpur Dham (Shringi Rishi Ashram),Ancient Archaeological Ramayana Riverfront Site,25.5897,81.6421,42.0,60,4% of Sangam festival crowds,Where Nishadraj Kevat washed Lord Rama's feet before crossing Ganga; massive excavated Kushan-period hydraulic water tank; peaceful rural ghats,October - March (Early mornings),Well-paved National Highway NH-19 and rural link road,ASI Excavation Branch & UP Tourism Ramayana Circuit
ALT032,TS016,Triveni Sangam & Kumbh Mela Grounds,Nag Vasuki Temple & Bada Hanuman Mandir,Sacred Serpent Shrine & Reclining Hanuman Idol,25.4412,81.8679,2.5,10,20% of riverbank bathing queues,High cliff riverfront temple dedicated to king of serpents Vasuki; unique below-ground sanctum where Ganga flood waters ritually bathe deity,"06:00 - 11:00, 16:00 - 20:00",Paved Daraganj bank road,Prayagraj Heritage Registry
ALT033,TS017,Bankey Bihari Temple & Prem Mandir,Radha Raman Temple & Nidhivan Heritage Area,500-Year-Old Goswami Temple & Sacred Sacred Grove,27.5856,77.7022,1.2,10,25% of Bankey Bihari rush,Self-manifested Shaligram deity carved by Gopala Bhatta Goswami in 1542 with original 500-year-old kitchen fire; serene devotional kirtan,"08:30 - 11:30, 18:00 - 20:30",Narrow heritage lanes (best navigated on foot or e-rickshaw),UP Braj Teerth Vikas Parishad (UPBTVP)
ALT034,TS017,Bankey Bihari Temple & Prem Mandir,Kusum Sarovar & Radha Kund (Goverdhan),18th-Century Rajput Stepwell Sarovar & Sacred Lake,27.5022,77.4938,22.0,40,15% of Vrindavan crowd,Spectacular sandstone cenotaphs (chhatris) of Raja Suraj Mal reflected in clear reservoir water; serene sunset photography and meditation,October - March (16:00 - 18:30),Four-lane Goverdhan Parikrama connecting road,ASI Agra Circle & UP Tourism
ALT035,TS018,Taj Mahal Monument Complex,Mehtab Bagh & Sunset Moonlight Viewpoint,Mughal Charbagh Garden Across Yamuna River,27.1798,78.0422,7.0,20,15% of Taj Mahal entry line,Perfect symmetric rear reflection view of Taj Mahal across Yamuna without security bag checks or massive crowds; peaceful garden walks,"06:00 - 08:30, 16:00 - 18:30 (Sunset)",Motorable bridge crossing road with ample tourist parking,Archaeological Survey of India (ASI) Agra Sub-Circle
ALT036,TS018,Taj Mahal Monument Complex,Tomb of I'timad-ud-Daulah (Baby Taj),Exquisite Marble Inlay Precursor Monument,27.1929,78.0311,5.5,15,8% of Taj Mahal footfall,First Mughal structure built completely from white marble with delicate pietra dura gemstone inlay; tranquil riverside lawns,09:00 - 17:00,All-weather city road with convenient taxi/auto access,ASI Agra Circle Registry
ALT037,TS019,Amber Fort & Palace Complex,Jaigarh Fort & Underground Tunnel Network,Military Hilltop Fort & World's Largest Cannon on Wheels,26.985,75.8456,1.8,10,20% of Amber Palace crowd,"Home of legendary Jaivana cannon, secret underground subterranean escape tunnels connected to Amer, panoramic rugged Aravalli views",09:00 - 17:00,Direct uphill paved motorable road or walking tunnel path from Amer,Jaigarh Public Charitable Trust & Rajasthan Tourism
ALT038,TS019,Amber Fort & Palace Complex,Panna Meena Ka Kund Stepwell & Jagat Shiromani Temple,16th-Century Geometric Stepwell & Masterpiece Temple,26.9872,75.8561,1.2,5,10% of Amber Fort volume,Mesmerizing criss-cross symmetrical stair stepwell; ancient temple with original idol of Lord Krishna worshipped by Meerabai,07:00 - 10:00 (Best morning shadows for photography),Old Amer village paved lane (short 5-min walk from Amer base),Dept of Archaeology and Museums Rajasthan
ALT039,TS020,Qutub Minar & Mehrauli Archaeological Complex,Jamali Kamali Mosque & Balban's Tomb (Mehrauli Park),16th-Century Sufi Heritage & Rose Garden Ruins,28.5209,77.1868,0.9,5,12% of Qutub Minar ticket lines,Over 200 historically significant monuments hidden inside lush 200-acre forested park; stunning blue tile work inside Jamali Kamali tomb,07:00 - 17:30,Adjacent to Qutub Minar metro station with paved park walkways,Delhi Development Authority (DDA) Heritage Wing & INTACH Delhi
ALT040,TS020,Qutub Minar & Mehrauli Archaeological Complex,"Hauz Khas Complex, Madrassa & Deer Park Lake",13th-Century Medieval Water Tank & Islamic College Ruins,28.5531,77.1945,5.5,15,30% of weekend monument rush,"Romantic lakefront stone pavilions built by Alauddin Khilji and Feroz Shah Tughlaq, lush deer park, adjacent bohemian cafes","08:00 - 11:00, 16:00 - 18:30",Direct arterial metro and cab road connectivity,ASI Delhi Circle & Delhi Tourism (DTTDC)
ALT041,TS021,Ajanta and Ellora Rock-Cut Caves,Pitalkhora Rock-Cut Buddhist Caves,Oldest Hinayana Buddhist Rock-Cut Cave Sanctuary,20.2981,75.0211,45.0,65,3% of Ellora cave volume,14 ancient basalt rock caves dating to 2nd century BCE tucked inside a dramatic Chandora hill canyon with cascading seasonal waterfalls,August - February,Motorable till Kannad Ghat base + 1 km trek down stone steps,ASI Aurangabad Sub-Circle & MTDC
ALT042,TS021,Ajanta and Ellora Rock-Cut Caves,Ghrishneshwar Jyotirlinga & Daulatabad Fort,12th Jyotirlinga & Unconquerable Medieval Fortress,20.0245,75.1706,1.5,5,35% of main cave footfall,Last of the 12 sacred Jyotirlingas built of red sandstone; nearby Daulatabad Fort features dark labyrinth subterranean defense tunnels (Andhari),"06:00 - 11:00, 15:00 - 18:00",Immediate access on Ellora main road,Ghrishneshwar Temple Trust & ASI Aurangabad
ALT043,TS022,Group of Monuments at Hampi,Anegundi Ancient Kishkindha & Monkey Temple (Anjanadri),Mythological Birthplace of Hanuman & Prehistoric Rock Art,15.3533,76.4719,6.5,20,20% of Vittala temple crowds,575 stone steps leading to panoramic 360-degree sunset over boulder landscapes and Tungabhadra river; ancient prehistoric Maurya cave paintings,"06:00 - 08:30 (Sunrise), 16:30 - 18:30 (Sunset)",Motorable bridge across Tungabhadra or short coracle boat crossing,Koppal District Tourism & Archaeological Survey of India
ALT044,TS022,Group of Monuments at Hampi,Pattadakal & Aihole Chalukyan Cradle of Architecture,UNESCO World Heritage 7th-Century Temple Complex,15.9483,75.8164,135.0,150,10% of Hampi visitor volume,Harmonious fusion of Rekha-Nagara and Dravidian temple styles along Malaprabha river; laboratory where Indian temple architecture was birthed,October - March,Four-lane National Highway NH-50 and state highways,ASI Dharwad Circle & Karnataka Tourism
ALT045,TS023,Pangong Tso Lake & Hemis Monastery,Tso Moriri High-Altitude Wetland Reserve,Pristine High-Altitude Ramsar Wetland Lake,32.8986,78.3039,160.0,240,15% of Pangong Tso tourist rush,Less commercialized crystal turquoise lake surrounded by snow peaks; breeding sanctuary for rare Black-necked Cranes and Bar-headed Geese,June - September,Paved BRO high-altitude mountain road via Chumathang,Department of Wildlife Protection Ladakh & LAHDC
ALT046,TS023,Pangong Tso Lake & Hemis Monastery,Chemrey & Takthok Cave Monasteries,17th-Century Cliffside Nyingma Gompas,33.9533,77.7889,18.0,30,8% of Hemis monastery festival crowd,Dramatic monastery perched like a fortress on a steep isolated hill; only monastery in Ladakh belonging to the ancient Nyingma Buddhist tradition,May - October (08:00 - 17:00),Direct smooth paved road on Leh-Pangong highway route,Ladakh Monastery Association & UT Tourism
ALT047,TS024,Rohtang Pass & Solang Valley Adventure Zone,Hampta Pass Trek & Sethan Igloo Village,Glacial Valley Trek & Eco-Tourism Village,32.2286,77.2347,16.0,45,10% of Solang Valley crowd,"Buddhist Khampa settlement overlooking Dhauladhar range; authentic winter igloo stays, untouched powder snow for backcountry skiing without traffic jams",June - October (Trekking); Jan - Feb (Igloos),Curved 4WD mountain road till Sethan village,Himachal Pradesh Forest Dept & Kullu Eco-Tourism Society
ALT048,TS024,Rohtang Pass & Solang Valley Adventure Zone,Sissu Waterfall & Chandra River Valley (via Atal Tunnel),Lahaul High-Altitude Valley & Glacial Cascades,32.4783,77.1219,28.0,50,35% of Rohtang traffic backlog,"Spectacular 50-meter waterfall fed by glaciers, poplars lining turquoise Chandra river, seamless all-weather transit via Atal Tunnel",May - November,World-class double-lane highway through Atal Tunnel (NH-003),Border Roads Organisation (BRO) & Lahaul Tourism Dept
ALT049,TS025,Maa Kamakhya Devalaya,Umananda Island Peacock Island Temple,Smallest Inhabited River Island Temple in the World,26.1917,91.7483,7.5,30,15% of Kamakhya rush,17th-century Shiva shrine on a rocky island in the middle of mighty Brahmaputra river; home to endangered golden langurs; scenic inland ferry ride,October - April (07:00 - 16:30),Inland water transport ferry from Sukreswar Ghat / Fancy Bazar,Inland Water Transport Dept Assam & ATDC
ALT050,TS025,Maa Kamakhya Devalaya,Hajo Sacred Interfaith Confluence (Hayagriva Madhava & Powa Mecca),"Ancient Hindu, Buddhist & Islamic Confluence Center",26.2483,91.5219,28.0,50,10% of Kamakhya festival volume,"6th-century stone temple worshipped by both Hindus and Tibetan Buddhists (who revere it as place of Buddha's Parinirvana), tranquil hilltop lake",October - March,All-weather State Highway SH-2 with direct bus access,Assam Tourism Development Corporation (ATDC)
