safety_record_id,spot_id,spot_name,nearest_hospital_name,hospital_distance_km,hospital_emergency_phone,nearest_police_station,police_contact_number,disaster_mgmt_control_room,emergency_exits_and_evacuation_routes,high_risk_zone_type,risk_mitigation_measures,data_source
SZ001,TS001,Kedarnath Temple,Six-Bedded Emergency Field Hospital Kedarnath & AIIMS Rishikesh Heli-Evac,0.4,+91-1372-252107 / 108,Kedarnath Yatra Police Post & SDRF Basecamp,+91-1372-252100 / 112,"District EOC Rudraprayag: +91-1372-251077, SDRF Control: +91-135-2410192",Designated Mandakini concrete embankment wide corridor; Kedarnath Helipad evacuation apron (0.8 km south); safe assembly zone at Swargarohini meadow,"High-Altitude Hypoxia (3,583m), Glacial Lake Outburst / Flash Flood Risk & Winter Snow Avalanches",Mandatory health screening at Guptkashi/Sonprayag; hyperbaric oxygen chambers at base; SDRF flood warning sirens along Mandakini river channel; UAV crowd density monitoring,Uttarakhand State Disaster Management Authority (USDMA) SOP & NDMA Char Dham Guidelines
SZ002,TS002,Badrinath Temple,Community Health Centre (CHC) Badrinath & District Hospital Gopeshwar,0.6,+91-1372-222108 / 108,Badrinath Thana & SDRF Camp Badrinath,+91-1372-222100 / 112,"District EOC Chamoli: +91-1372-251437, State EOC Dehradun: 1070",Alaknanda west bank emergency staircase; Badrinath Army Helipad (1.2 km); Badrinath Bus Stand broad transit evacuation square,Landslide Vulnerable Chokepoints (Joshimath-Badrinath NH-07) & Severe Hypothermia,Continuous Border Roads Organisation (BRO) earthmover deployment at landslide bottlenecks; thermal emergency blankets; automated weather station alerts,District Disaster Management Authority (DDMA) Chamoli & USDMA
SZ003,TS003,Kashi Vishwanath Temple & Dashashwamedh Ghat,Sir Sunderlal Hospital (IMS-BHU) & Divisional Hospital Kabir Chaura,3.8,+91-542-2369299 / 108,Dashashwamedh Police Station & Kashi Vishwanath Special Security Post,+91-542-2452222 / 112,Varanasi Integrated Command and Control Centre (ICCC): +91-542-2777000 / 1077,Corridor River Gate evacuation route into wide river barge fleet; 4 dedicated emergency gates opening into Godowlia & Chowk arterial roads,Stampede Bottleneck Risk in Narrow Alleyways & High Heatstroke Stress during Summer,One-way pedestrian segregation; mist cooling fans across corridor; NDRF rescue motorboats deployed on Ganga during Ganga Aarti; automated AI facial & crowd count surveillance,Varanasi Police Commissionerate Crowd SOP & NDMA Religious Congregation Guidelines
SZ004,TS004,Shri Ram Janmabhoomi Mandir,Rajarshi Dashrath Autonomous State Medical College & Sri Ram Hospital Ayodhya,1.8,+91-5278-222222 / 108,Ram Janmabhoomi Police Thana & Ayodhya Kotwali,+91-5278-232012 / 112,Ayodhya Smart City Command Center & District EOC: +91-5278-224107,Multi-lane 75-meter wide Janmabhoomi Path; dedicated emergency ambulance corridor connecting directly to Ram Path; designated helipad at Saket Degree College,Mass Crowd Congestion Surge & Extreme Weather Heat Stress,"Pilgrim Facilitation Centre (PFC) air-conditioned holding halls for 25,000 devotees; water-proof canopies; dedicated medical first aid booths every 100 meters; rapid response ATS/PAC squads",Ayodhya District Administration & UP State Disaster Management Authority (UPSDMA)
SZ005,TS005,Shri Mata Vaishno Devi Shrine,"Shri Mata Vaishno Devi Narayana Super Speciality Hospital, Kakryal & CHC Katra",6.5,+91-1991-285638 / 108,Police Station Katra & Police Post Bhawan,+91-1991-232010 / 112,SMVDSB Central Operations Control Room: +91-1991-232777 / 232029,Tarakote Marg wide alternative evacuation road for battery vehicles/ambulances; Bhawan to Sanjichhat emergency helipad; dedicated one-way Manokamana exit passage,Slope Instability / Shooting Stones (Pankhi-Bhawan stretch) & Stampede Bottlenecks at Bhawan Exit,Overhead steel rockfall protection fences installed across 10 km cliff stretch; RFID-linked automated turnstile gates cutting off upward flow if Bhawan capacity crosses threshold,SMVDSB Disaster Preparedness Manual & NGT Committee Safety Review
SZ006,TS006,Tirumala Venkateswara Temple,Sri Venkateswara Institute of Medical Sciences (SVIMS) & TTD Ashwin Hospital Tirumala,0.8,+91-877-2277777 / +91-877-2287777,Tirumala One Town Police Station & TTD Vigilance and Security Wing,+91-877-2263433 / 112,"TTD Central Vigilance & Command Control Centre: +91-877-2263888, District EOC: 1077",Vaikuntam Queue Complex dual high-capacity emergency bypass gates into South Mada Street; First Ghat Road dedicated emergency downward evacuation lane,High-Volume Crowd Trapping in Enclosed Queue Corridors & Forest Fire / Ghat Road Landslips,"Automated fire sprinkler systems & industrial HVAC oxygenation in queue sheds; continuous distribution of warm milk, water, and emergency medical kits by Srivari Sevaks; 3000+ CCTV camera monitoring",Tirumala Tirupati Devasthanams (TTD) Security & Vigilance Action Plan
SZ007,TS007,Shree Jagannath Temple,District Headquarters Hospital (DHH) Puri & Infectious Disease Hospital (IDH),1.5,+91-6752-222037 / 108,Singhadwara Police Station & Puri Town Thana,+91-6752-222025 / 112,"Puri District EOC: +91-6752-223237, OSDMA Control Room: 1070","Four cardinal temple gates (Singhadwara, Vyaghradwara, Hastidwara, Ashwadwara); 60-meter wide Grand Road (Bada Danda) emergency clearway",Congestion Surges during Chariot Pulling (Rath Yatra) & Coastal Tropical Cyclonic Surges,Green Corridor ambulance lane barricaded along entire Grand Road; rapid-deploy Odisha Disaster Rapid Action Force (ODRAF) and NDRF batallions; multi-hazard cyclone shelters,Odisha State Disaster Management Authority (OSDMA) & SJTA Safety Manual
SZ008,TS008,Mahakaleshwar Jyotirlinga Temple,Civil Hospital Madhav Nagar & RD Gardi Medical College Hospital Ujjain,2.8,+91-734-2551401 / 108,Mahakal Police Station & Ujjain Police Control Room,+91-734-2525222 / 112,Smart City Ujjain ICCC & District EOC: +91-734-2535234,Mahakal Lok 900-meter expansive plaza evacuation corridor towards Char Dham temple parking; separate emergency exits at Nandi Hall and Kotitirth Kund,Stampede Bottlenecks at Inner Sanctum Stairs (Garbhagriha entry) & Monsoon Kshipra Inundation,Strict prohibition of public entry into Garbhagriha during peak surge; holding zones across Triveni museum plaza; SDRF water rescue teams deployed at Ramghat,District Administration Ujjain & Madhya Pradesh SDMA
SZ009,TS009,Golden Temple (Sri Harmandir Sahib),Sri Guru Ram Das Institute of Medical Sciences & Civil Hospital Amritsar,2.2,+91-183-2870200 / 108,Kotwali Police Station & SGPC Task Force Security HQ,+91-183-2557670 / 112,"Amritsar District EOC: +91-183-2226161, Punjab State EOC: 1070",Four open entrance gates facing four cardinal directions symbolizing universal access; wide Parikrama perimeter into Heritage Plaza promenade,High Density Footfall along Narrow Causeway (Bridge to Sanctum) & Heat Exhaustion,Trained SGPC Sevadar Task Force maintaining regulated 2-line continuous queue movement on bridge; Sarovar safety railing barrier; 24x7 emergency medical dispensary at Parikrama,SGPC Security Wing & Punjab Disaster Management Authority
SZ010,TS010,Meenakshi Sundareswarar Temple,Government Rajaji Hospital Madurai & Meenakshi Mission Hospital,1.8,+91-452-2532535 / 108,Temple Police Station (East Chithirai Street) & Madurai City Crime Branch,+91-452-2346300 / 112,Madurai District Disaster Control Room: +91-452-2530600 / 1077,"Four magnificent multi-tiered Gopurams (North, South, East, West) providing massive 12-meter wide stone egress portals into concentric Chithirai Streets",Heritage Structural Fire Vulnerability & Extreme Summer Dehydration,Complete elimination of open oil lamps inside 1000-pillar hall; smoke detection and automatic high-pressure water mist systems; first aid stalls at all 4 Gopuram entrances,Tamil Nadu Fire and Rescue Services (TNFRS) & HR&CE Safety Audit
SZ011,TS011,Ramanathaswamy Temple,Government Taluk Hospital Rameswaram & District HQ Hospital Ramanathapuram,1.1,+91-4573-221233 / 108,Rameswaram Town Police Station & Coastal Security Group (CSG) Post,+91-4573-221223 / 112,Ramanathapuram District EOC: +91-4567-230056 / 1077,East & West Rajagopuram corridors; Agni Theertham coastal open beach holding ground; broad Car Street loop,Coastal Storm Surge / Cyclone Risk & Slippery Wet Pavement Hazards in 22 Theertham wells,Rubber anti-skid safety matting along all 22 Theertham bathing paths; Coastal Security Police lifeguard surveillance along Agni Theertham shore; cyclone early warning sirens,District Administration Ramanathapuram & TNDMA
SZ012,TS012,Shree Somnath Jyotirlinga Temple,Government Community Health Centre Veraval & Somnath Trust Charitable Hospital,4.5,+91-2876-242108 / 108,Prabhas Patan Police Station & Marine Police Station Veraval,+91-2876-231233 / 112,Gir Somnath District EOC: +91-2876-285063 / 1077,Digvijay Dwar main gate; Samudra Darshan promenade open shoreline holding area; 4-lane bypass connecting to Veraval Highway,Arabian Sea High-Tide Coastal Flooding & Mass Congregation Stampede,Massive reinforced sea-wall breakwater protecting temple base; continuous CCTV vigilance from coastal watchtowers; round-the-clock emergency medical paramedic booth inside courtyard,Gujarat State Disaster Management Authority (GSDMA) & SST Safety Protocol
SZ013,TS013,Shri Saibaba Sansthan Temple,Shri Saibaba Super Speciality Hospital & Sainath Hospital Shirdi,0.5,+91-2423-258500 / 108,Shirdi Police Station & Sansthan Security Control Room,+91-2423-255133 / 112,Ahmednagar District EOC: +91-241-2323844 / 1077,"Gate 1, 2, 3, 4 wide clearance corridors; elevated skywalk emergency descent ramps; 100-acre open Sai Ashram evacuation assembly grounds",Sudden Weekend Footfall Surge & Enclosed Space Panic,Centralized computerized public address system with multi-lingual emergency instructions; 24-hour on-duty cardiology trauma team; automated queue compartmentalization gates,Shri Saibaba Sansthan Trust Shirdi Safety & Disaster Management Cell
SZ014,TS014,Sabarimala Sree Dharma Sastha Temple,Sannidhanam Emergency Medical Centre & Pamba Government Hospital,0.2,+91-4735-202108 / 108,Sannidhanam Police Station & Pamba Special Police Control Room,+91-4735-202022 / 112,"Sabarimala Special Disaster Control Cell Pamba: +91-4735-203434, State EOC: 1070",Chandranandan Road dedicated emergency downward evacuation track; Sannidhanam Helipad; Pamba emergency transit river causeway,Steep Mountain Trail Stampede (Pathinettampadi 18 Steps Chokepoint) & Cardiac Arrest during Uphill Trek,Emergency Medical Centres (EMCs) equipped with defibrillators/oxygen every 500 meters along trek; dynamic crowd metering by Kerala Police Rapid Action Force at Marakkoottam bottleneck,Kerala State Disaster Management Authority (KSDMA) & Travancore Devaswom Board
SZ015,TS015,Har Ki Pauri Ghat & Mansa Devi,District Mela Hospital Haridwar & AIIMS Rishikesh Trauma Center,1.2,+91-1334-226060 / 108,Har Ki Pauri Police Post & City Kotwali Haridwar,+91-1334-227000 / 112,"Haridwar District EOC: +91-1334-223999, State EOC: 1070","Multi-span pedestrian bridges over Ganga canal into Bairagi Camp open grounds (500,000 capacity); Pant Dweep holding parking clearway",Mass Drowning Risk in High-Velocity Ganga Rapids & Stampede Chokepoints on Narrow Canal Bridges,Continuous submerged safety chains and iron boundary mesh in river; SDRF deep-water divers stationed 24x7; directional one-way traffic routing across canal islands,Haridwar District Administration & USDMA Mela Safety SOP
SZ016,TS016,Triveni Sangam & Kumbh Mela Grounds,Swaroop Rani Nehru (SRN) Hospital & Mela Central Field Hospital,3.5,+91-532-2256507 / 108,Kumbh Mela Kotwali & Daraganj Police Station,+91-532-2500112 / 112,Integrated Mela Command and Control Centre (ICCC): +91-532-2256000 / 1920,22 designated Pontoon Bridges across Ganga & Yamuna; 40-meter wide arterial sector ring roads; Parade Ground mass assembly area,Mass Stampede at Railway Footbridges / River Confluence & River Current Drownings,Waterproof radio RFID tags for missing person tracking; underwater safety barricades; deployment of 100+ NDRF water rescue boats and aerial drone crowd density thermal mapping,Prayagraj Mela Pradhikaran & NDMA Kumbh Mela Framework
SZ017,TS017,Bankey Bihari Temple & Prem Mandir,Ramakrishna Mission Sevashrama Charitable Hospital & District Hospital Mathura,1.5,+91-565-2442088 / 108,Vrindavan Police Thana & Bankey Bihari Temple Security Chowki,+91-565-2442244 / 112,Mathura District EOC: +91-565-2403258 / 1077,Temple Exit Gate 2 & 3 widening into VIP corridor; holding area at Jagannath Ghat open grounds,Critical Stampede Bottlenecks in Ancient Narrow Galis & Asphyxiation / Heat Exhaustion,Proposed dedicated corridor masterplan; strict time-slotted batch entry gates at entrance lanes; high-capacity misting fans and dedicated ambulance parking at town peripheries,High Powered Committee Report on Bankey Bihari Safety & Mathura Police
SZ018,TS018,Taj Mahal Monument Complex,SN Medical College & Hospital Agra & District Hospital Agra,3.2,+91-562-2260353 / 108,Tajganj Police Station & Tourism Police Station Agra,+91-562-2421204 / 112,Agra Smart City Command Center & District EOC: +91-562-2260550,"Three massive gates (East, West, South Gates); 40-acre expansive Mughal Charbagh garden open holding grounds",High Heat Stress (Summer temperature >45C) & Gate Bottleneck Crowding,Free RO chilled drinking water distribution points every 50 meters; automated visit duration counters (3-hour limit enforcement); CISF paramilitary security quick reaction teams,Archaeological Survey of India (ASI) & Central Industrial Security Force (CISF)
SZ019,TS019,Amber Fort & Palace Complex,SMS Hospital (Sawai Man Singh) Jaipur & Amer Satellite Hospital,1.2,+91-141-2560291 / 108,Amer Police Thana & Tourist Police Unit Jaipur,+91-141-2530125 / 112,"Jaipur Police Control Room: +91-141-2200011, District EOC: 1077","Jaleb Chowk vast open courtyard (5,000 capacity); Chand Pol broad vehicular exit; historic tunnel route to Jaigarh fort for emergency high-ground safety",Steep Stone Incline Slips & High Summer Dehydration on Open Stone Ramparts,Shaded resting pergolas with mist water cooling on Suraj Pol ramp; continuous medical first-responder bikes stationed at Jaleb Chowk,Department of Archaeology and Museums Rajasthan & Rajasthan Police
SZ020,TS020,Qutub Minar & Mehrauli Archaeological Complex,AIIMS New Delhi & Safdarjung Hospital Trauma Center,6.8,+91-11-26588500 / 102,Mehrauli Police Station & Delhi Tourism Police Post,+91-11-26643400 / 112,Delhi Disaster Management Authority (DDMA) Central EOC: 1077 / +91-11-22512300,Main East Entrance multi-gate clearing into wide parking avenue; Mehrauli Archaeological Park perimeter trails,Severe Winter Air Pollution & Weekend School Crowd Surges,Automated computerized ticket turnstiles regulating inflow; AED defibrillators at ASI ticket complex; round-the-clock Delhi Police patrol,ASI Delhi Circle & Delhi Disaster Management Authority (DDMA)
SZ021,TS021,Ajanta and Ellora Rock-Cut Caves,Government Medical College and Hospital (GMCH) Chhatrapati Sambhaji Nagar & Khuldabad Rural Hospital,14.0,+91-240-2402412 / 108,Ellora Police Post & Khuldabad Police Station,+91-2437-241233 / 112,Chhatrapati Sambhaji Nagar District EOC: +91-240-2331200 / 1077,Cave 16 (Kailasa) expansive forecourt; broad stepped pathways connecting to MTDC visitor plaza and helipad,Rockfall / Cliffside Edge Slip Hazards & Indoor Cave Humidity Asphyxiation,Rock bolting and protective catch netting on sheer cliff faces; strict visitor batch capping inside narrow painting caves (Cave 1 & 2); cold fiber-optic lighting,ASI Aurangabad Circle & Maharashtra State Disaster Management Authority
SZ022,TS022,Group of Monuments at Hampi,Vijayanagar Institute of Medical Sciences (VIMS) Ballari & 100-Bedded Taluk Hospital Hosapete,12.5,+91-8394-220024 / 108,Hampi Tourist Police Station & Kamalapur Police Station,+91-8394-241222 / 112,Vijayanagara District EOC: +91-8394-225600 / 1077,"Wide bazaar street expanses (Virupaksha Car Street, Vittala Bazaar); open Tungabhadra river plains",Extreme Summer Heatstroke (>42C) & Flash Flooding along Tungabhadra River during Dam Water Discharge,Automated siren warning system along riverbanks activated before Tungabhadra dam gate openings; tourist police emergency motorbikes; free hydration kiosks,Hampi World Heritage Area Management Authority (HWHAMA) & KSDMA
SZ023,TS023,Pangong Tso Lake & Hemis Monastery,SNM Hospital Leh (Apex High-Altitude Care) & Tangtse Primary Health Centre (PHC),35.0,+91-1982-252014 / 108,Tangtse Police Post & Leh Police Station,+91-1982-252018 / 112,Leh District EOC & Disaster Control: +91-1982-255530 / 1077,Spangmik coastal road connection back to Tangtse Valley; Indian Army field helipads at Tangtse & Lukung for emergency air evacuation,"Acute Mountain Sickness (AMS), High Altitude Pulmonary Edema (HAPE) at 4,350m & Sub-Zero Night Cold","Mandatory 48-hour acclimatization rule enforced at Leh; oxygen cylinder kiosks at Chang La pass (5,360m) and Spangmik; military medical aid posts (MI Room)",District Administration Leh Health Dept & Directorate of Health Services Ladakh
SZ024,TS024,Rohtang Pass & Solang Valley Adventure Zone,Civil Hospital Manali (100-Bedded) & Regional Hospital Kullu,14.0,+91-1902-252341 / 108,Manali Police Station & Gulaba Traffic Checkpost Post,+91-1902-252322 / 112,"District EOC Kullu: +91-1902-224370 / 1077, State EOC HP: 1070",Atal Tunnel South Portal emergency transit bypass (NH-003); Solang ground helipad for air ambulance transport,"Blizzards / Sudden Snow Storms, Black Ice Hairpin Skids & Hypoxia at 3,978m",Strict enforcement of 16:00 vehicle clearing deadline at Rohtang top; 4x4 rescue snow chains; Western Himalayan weather radar storm alerts,Himachal Pradesh SDMA & Kullu District Disaster Management Plan
SZ025,TS025,Maa Kamakhya Devalaya,Gauhati Medical College and Hospital (GMCH) & Pandu FRU Hospital,4.5,+91-361-2529457 / 108,Kamakhya Police Outpost & Jalukbari Police Station,+91-361-2570522 / 112,"Kamrup Metro District EOC: +91-361-2733052 / 1077, Assam State EOC: 1070",Borpul main road bypass; ancient stone staircase (Mekhela Ujowa Path) alternate foot evacuation trail into foothills,Steep Hillside Crowd Surge Bottlenecks & Monsoon Landslide Soil Creep,Holding transit shelters at base camp (Old Jail / Sonaram field) with electronic token calling; retaining walls and geological slope drainage; round-the-clock SDRF deployment,Assam State Disaster Management Authority (ASDMA) Ambubachi Mela Plan
